{
  "model_type": "logistic_regression",
  "feature_names": [
    "url_length",
    "domain_length",
    "path_length",
    "count_dots",
    "count_hyphen",
    "count_at",
    "num_query_params",
    "has_https",
    "has_ip",
    "subdomain_depth",
    "has_shortener",
    "count_percent_encoded",
    "entropy"
  ],
  "coef": [
    -0.0605967840054139,
    -0.06059678400541394,
    0.0,
    0.0,
    0.0,
    0.0,
    0.0,
    0.0,
    0.0,
    0.0,
    0.0,
    0.0,
    0.0
  ],
  "intercept": -0.00028938722458828975,
  "scaler_mean": [
    11.14975,
    4.14975,
    0.0,
    1.0,
    0.0,
    0.0,
    0.0,
    0.0,
    0.0,
    1.0,
    0.0,
    0.0,
    0.0
  ],
  "scaler_scale": [
    0.35682620069159715,
    0.35682620069159715,
    1.0,
    1.0,
    1.0,
    1.0,
    1.0,
    1.0,
    1.0,
    1.0,
    1.0,
    1.0,
    1.0
  ]
}